{
    "ACR": 0.14866832386363638,
    "AIL": 1726.876220703125,
    "AES": 22836.875
}