{
    "ACR": 0.1819424715909091,
    "AIL": 1899.3719482421875,
    "AES": 21674.23046875
}