{
    "ACR": 0.1638553503787879,
    "AIL": 1663.4033203125,
    "AES": 21852.5703125
}