{
    "ACR": 0.1936730587121212,
    "AIL": 1946.8582763671875,
    "AES": 20647.03515625
}