{
    "ACR": 0.18382457386363638,
    "AIL": 1920.0732421875,
    "AES": 21777.00390625
}