{
    "ACR": 0.18352272727272728,
    "AIL": 2053.365234375,
    "AES": 21883.5390625
}