{
    "ACR": 0.18505563446969697,
    "AIL": 1818.934814453125,
    "AES": 20791.96875
}