{
    "ACR": 0.20485321969696968,
    "AIL": 2099.74072265625,
    "AES": 21233.390625
}