{
    "ACR": 0.19952651515151515,
    "AIL": 1896.4244384765625,
    "AES": 20635.453125
}