{
    "ACR": 0.18496685606060606,
    "AIL": 1822.7294921875,
    "AES": 21351.0703125
}