{
    "ACR": 0.26405066287878787,
    "AIL": 7374.337672920228,
    "AES": 41063.02001953125
}