{
    "ACR": 0.1637488162878788,
    "AIL": 1793.79052734375,
    "AES": 21279.10546875
}