{
    "ACR": 0.30034327651515147,
    "AIL": 8235.475356430285,
    "AES": 39819.5712890625
}