{
    "ACR": 0.17716619318181817,
    "AIL": 1779.859619140625,
    "AES": 21126.484375
}