{
    "ACR": 0.5699100378787879,
    "AIL": 42737.24155022015,
    "AES": 100033.58984375
}