{
    "ACR": 0.13821614583333333,
    "AIL": 1691.4119873046875,
    "AES": 23696.9765625
}