{
    "ACR": 0.19369673295454545,
    "AIL": 2030.8388671875,
    "AES": 21647.87109375
}