{
    "ACR": 0.20380563446969696,
    "AIL": 2097.510009765625,
    "AES": 20485.90234375
}