{
    "ACR": 0.14982244318181817,
    "AIL": 1761.4300537109375,
    "AES": 22686.25390625
}