{
    "ACR": 0.17375710227272728,
    "AIL": 2023.60498046875,
    "AES": 21651.10546875
}