{
    "ACR": 0.22161458333333334,
    "AIL": 2742.041015625,
    "AES": 24814.03125
}