{
    "ACR": 0.1669625946969697,
    "AIL": 1738.94970703125,
    "AES": 21567.44921875
}