{
    "ACR": 0.2209457859848485,
    "AIL": 2212.9697265625,
    "AES": 20662.32421875
}