{
    "ACR": 0.18277698863636366,
    "AIL": 1845.3004150390625,
    "AES": 20818.734375
}