{
    "ACR": 0.1605764678030303,
    "AIL": 1709.82373046875,
    "AES": 21508.875
}