{
    "ACR": 0.18955374053030305,
    "AIL": 1954.781494140625,
    "AES": 21107.392578125
}