{
    "ACR": 0.22398792613636365,
    "AIL": 2648.02294921875,
    "AES": 23509.59765625
}