{
    "ACR": 0.3522608901515152,
    "AIL": 57963.20546696056,
    "AES": 179032.50390625
}