{
    "ACR": 0.1961233428030303,
    "AIL": 1990.19580078125,
    "AES": 20599.1015625
}