{
    "ACR": 0.3688210227272727,
    "AIL": 36765.276672888096,
    "AES": 134011.59765625
}