{
    "ACR": 0.1900390625,
    "AIL": 2359.213134765625,
    "AES": 23066.2265625
}