{
    "ACR": 0.44167850378787876,
    "AIL": 49891.87140110247,
    "AES": 152404.80859375
}