{
    "ACR": 0.18965435606060607,
    "AIL": 2026.623291015625,
    "AES": 22720.23046875
}