{
    "ACR": 0.16822916666666665,
    "AIL": 1834.8311767578125,
    "AES": 21964.2421875
}