{
    "ACR": 0.33867779356060607,
    "AIL": 9627.849795428188,
    "AES": 41901.939453125
}