{
    "ACR": 0.18868963068181818,
    "AIL": 2041.13232421875,
    "AES": 21067.89453125
}