{
    "ACR": 0.1497455018939394,
    "AIL": 1962.370849609375,
    "AES": 25685.4453125
}