{
    "ACR": 0.15945785984848487,
    "AIL": 1788.95263671875,
    "AES": 21978.130859375
}