{
    "ACR": 0.15481178977272728,
    "AIL": 1680.03955078125,
    "AES": 21492.54296875
}