{
    "ACR": 0.1844045928030303,
    "AIL": 1960.412109375,
    "AES": 21794.328125
}