{
    "ACR": 0.19458451704545454,
    "AIL": 2122.6572265625,
    "AES": 20757.005859375
}