{
    "ACR": 0.16527580492424243,
    "AIL": 1740.51904296875,
    "AES": 21020.33984375
}