{
    "ACR": 0.1764086174242424,
    "AIL": 1809.81103515625,
    "AES": 21730.578125
}