{
    "ACR": 0.20220170454545455,
    "AIL": 2258.32177734375,
    "AES": 22650.44921875
}