{
    "ACR": 0.22041311553030302,
    "AIL": 2312.92822265625,
    "AES": 20864.890625
}