{
    "ACR": 0.1975793087121212,
    "AIL": 2439.28369140625,
    "AES": 23827.4765625
}