{
    "ACR": 0.19453716856060607,
    "AIL": 1892.523681640625,
    "AES": 20800.5859375
}