{
    "ACR": 0.17472182765151517,
    "AIL": 1875.78369140625,
    "AES": 21819.1640625
}