{
    "ACR": 0.1712417140151515,
    "AIL": 2221.0126953125,
    "AES": 24733.875
}