{
    "ACR": 0.16511600378787877,
    "AIL": 1940.3031005859375,
    "AES": 23830.697265625
}