{
    "ACR": 0.15798413825757576,
    "AIL": 1787.72802734375,
    "AES": 22715.01953125
}