{
    "ACR": 0.16815222537878788,
    "AIL": 1756.4576416015625,
    "AES": 21375.619140625
}