{
    "ACR": 0.1849195075757576,
    "AIL": 1888.098876953125,
    "AES": 21646.9375
}