{
    "ACR": 0.15661695075757576,
    "AIL": 1550.42333984375,
    "AES": 20835.578125
}