{
    "ACR": 0.18837594696969698,
    "AIL": 1900.2186279296875,
    "AES": 20716.38671875
}