{
    "ACR": 0.29942589962121213,
    "AIL": 8655.59120173252,
    "AES": 43988.330078125
}